factor,cells,cpu_time_per_step,gpu_time_per_step,step_speedup,cpu_iters_per_step,gpu_iters_per_step,cpu_time_per_solve,gpu_time_per_solve,cpu_time_per_nfe,gpu_time_per_nfe,nfe_cost_ratio,cpu_avg_residual,gpu_avg_residual,residual_ratio
1,400,0.0007099999999999988,0.0242685,0.029256031481138055,31.0,93.25,0.003775625,0.03099525,0.00024358870967741936,0.0006647774798927613,2.729098080010012,0.0082136468605,0.0111728479675,1.3602785896762868
4,6400,0.01452933333333333,0.13704333333333332,0.10601999367596622,144.0,437.77777777777777,0.010408722222222222,0.08470944444444445,0.00014456558641975307,0.000386997461928934,2.676968091183668,0.015247784296000001,0.05999180508944445,3.9344605042178022
16,102400,0.8403269999999999,0.808213,1.0397345749202251,690.625,2071.5,0.450628125,0.437265625,0.0013049864253393665,0.0004221729423123341,0.3235075354922151,0.009985682991375,0.078045076394375,7.815697380117653
32,409600,9.855246666666668,2.9851266666666665,3.30145007805364,1486.2857142857142,4679.333333333333,5.215452380952381,1.5938571428571426,0.007018102012046649,0.0006812325728125699,0.09706792116205018,0.00948328044459524,0.06752196608000001,7.120106430943153
50,1000000,42.744388888888885,9.200899999999999,4.645674758870207,2496.0,7812.791666666667,21.866249999999997,4.710541666666667,0.017521033653846153,0.0012058536481304699,0.06882320255493404,0.0114660247819375,0.05953328673666666,5.192147049119397
